test,anchor,variant,dx,dy,matcher,inliers,total_matches,reproj_err_px,success
cross_provider,donbas_rural.jpg,esri_vs_google,0,0,orb,0,3,inf,0
cross_provider,donbas_rural.jpg,esri_vs_google,0,0,superpoint_lightglue,315,687,4.30,1
cross_provider,izyum_fields.jpg,esri_vs_google,0,0,orb,35,49,2.96,1
cross_provider,izyum_fields.jpg,esri_vs_google,0,0,superpoint_lightglue,561,924,2.93,1
cross_provider,kharkiv_urban.jpg,esri_vs_google,0,0,orb,114,150,0.70,1
cross_provider,kharkiv_urban.jpg,esri_vs_google,0,0,superpoint_lightglue,824,1119,1.16,1
cross_provider,kramatorsk_mixed.jpg,esri_vs_google,0,0,orb,108,154,2.41,1
cross_provider,kramatorsk_mixed.jpg,esri_vs_google,0,0,superpoint_lightglue,671,1186,2.01,1
cross_provider,oskil_river.jpg,esri_vs_google,0,0,orb,0,5,inf,0
cross_provider,oskil_river.jpg,esri_vs_google,0,0,superpoint_lightglue,125,503,3.79,1
cross_provider,severodonetsk.jpg,esri_vs_google,0,0,orb,4,13,1679.72,0
cross_provider,severodonetsk.jpg,esri_vs_google,0,0,superpoint_lightglue,322,832,2.35,1
spatial_overlap,donbas_rural.jpg,dx0_dy0,0,0,orb,1926,1926,0.00,1
spatial_overlap,donbas_rural.jpg,dx0_dy0,0,0,superpoint_lightglue,2045,2045,0.00,1
spatial_overlap,donbas_rural.jpg,dx32_dy0,32,0,orb,1334,1383,0.34,1
spatial_overlap,donbas_rural.jpg,dx32_dy0,32,0,superpoint_lightglue,1858,1858,0.02,1
spatial_overlap,donbas_rural.jpg,dx64_dy0,64,0,orb,1134,1160,0.17,1
spatial_overlap,donbas_rural.jpg,dx64_dy0,64,0,superpoint_lightglue,1705,1705,0.02,1
spatial_overlap,donbas_rural.jpg,dx128_dy0,128,0,orb,904,924,0.32,1
spatial_overlap,donbas_rural.jpg,dx128_dy0,128,0,superpoint_lightglue,1402,1402,0.03,1
spatial_overlap,donbas_rural.jpg,dx192_dy0,192,0,orb,491,597,1.21,1
spatial_overlap,donbas_rural.jpg,dx192_dy0,192,0,superpoint_lightglue,1138,1138,0.03,1
spatial_overlap,donbas_rural.jpg,dx256_dy0,256,0,orb,168,180,1.02,1
spatial_overlap,donbas_rural.jpg,dx256_dy0,256,0,superpoint_lightglue,880,881,0.03,1
spatial_overlap,donbas_rural.jpg,dx0_dy64,0,64,orb,1353,1534,0.37,1
spatial_overlap,donbas_rural.jpg,dx0_dy64,0,64,superpoint_lightglue,1767,1767,0.01,1
spatial_overlap,donbas_rural.jpg,dx0_dy128,0,128,orb,1349,1377,0.17,1
spatial_overlap,donbas_rural.jpg,dx0_dy128,0,128,superpoint_lightglue,1512,1512,0.02,1
spatial_overlap,donbas_rural.jpg,dx0_dy256,0,256,orb,229,254,1.06,1
spatial_overlap,donbas_rural.jpg,dx0_dy256,0,256,superpoint_lightglue,1010,1010,0.07,1
spatial_overlap,donbas_rural.jpg,dx64_dy64,64,64,orb,1050,1064,0.41,1
spatial_overlap,donbas_rural.jpg,dx64_dy64,64,64,superpoint_lightglue,1495,1495,0.01,1
spatial_overlap,donbas_rural.jpg,dx128_dy128,128,128,orb,528,550,0.40,1
spatial_overlap,donbas_rural.jpg,dx128_dy128,128,128,superpoint_lightglue,1066,1066,0.06,1
spatial_overlap,donbas_rural.jpg,dx192_dy192,192,192,orb,144,165,4.13,1
spatial_overlap,donbas_rural.jpg,dx192_dy192,192,192,superpoint_lightglue,760,760,0.06,1
spatial_overlap,izyum_fields.jpg,dx0_dy0,0,0,orb,2000,2000,0.00,1
spatial_overlap,izyum_fields.jpg,dx0_dy0,0,0,superpoint_lightglue,1863,1863,0.00,1
spatial_overlap,izyum_fields.jpg,dx32_dy0,32,0,orb,1407,1489,0.25,1
spatial_overlap,izyum_fields.jpg,dx32_dy0,32,0,superpoint_lightglue,1719,1719,0.03,1
spatial_overlap,izyum_fields.jpg,dx64_dy0,64,0,orb,1284,1328,0.11,1
spatial_overlap,izyum_fields.jpg,dx64_dy0,64,0,superpoint_lightglue,1584,1584,0.03,1
spatial_overlap,izyum_fields.jpg,dx128_dy0,128,0,orb,966,1087,0.89,1
spatial_overlap,izyum_fields.jpg,dx128_dy0,128,0,superpoint_lightglue,1320,1321,0.05,1
spatial_overlap,izyum_fields.jpg,dx192_dy0,192,0,orb,791,827,0.29,1
spatial_overlap,izyum_fields.jpg,dx192_dy0,192,0,superpoint_lightglue,1094,1094,0.04,1
spatial_overlap,izyum_fields.jpg,dx256_dy0,256,0,orb,465,500,1.05,1
spatial_overlap,izyum_fields.jpg,dx256_dy0,256,0,superpoint_lightglue,847,847,0.11,1
spatial_overlap,izyum_fields.jpg,dx0_dy64,0,64,orb,1126,1155,0.25,1
spatial_overlap,izyum_fields.jpg,dx0_dy64,0,64,superpoint_lightglue,1608,1608,0.03,1
spatial_overlap,izyum_fields.jpg,dx0_dy128,0,128,orb,616,654,0.29,1
spatial_overlap,izyum_fields.jpg,dx0_dy128,0,128,superpoint_lightglue,1336,1336,0.02,1
spatial_overlap,izyum_fields.jpg,dx0_dy256,0,256,orb,207,215,0.55,1
spatial_overlap,izyum_fields.jpg,dx0_dy256,0,256,superpoint_lightglue,853,854,0.05,1
spatial_overlap,izyum_fields.jpg,dx64_dy64,64,64,orb,896,982,0.36,1
spatial_overlap,izyum_fields.jpg,dx64_dy64,64,64,superpoint_lightglue,1357,1357,0.03,1
spatial_overlap,izyum_fields.jpg,dx128_dy128,128,128,orb,462,477,1.14,1
spatial_overlap,izyum_fields.jpg,dx128_dy128,128,128,superpoint_lightglue,937,937,0.08,1
spatial_overlap,izyum_fields.jpg,dx192_dy192,192,192,orb,142,190,1.32,1
spatial_overlap,izyum_fields.jpg,dx192_dy192,192,192,superpoint_lightglue,678,679,0.08,1
spatial_overlap,kharkiv_urban.jpg,dx0_dy0,0,0,orb,2000,2000,0.00,1
spatial_overlap,kharkiv_urban.jpg,dx0_dy0,0,0,superpoint_lightglue,2048,2048,0.00,1
spatial_overlap,kharkiv_urban.jpg,dx32_dy0,32,0,orb,1435,1463,0.09,1
spatial_overlap,kharkiv_urban.jpg,dx32_dy0,32,0,superpoint_lightglue,1901,1901,0.02,1
spatial_overlap,kharkiv_urban.jpg,dx64_dy0,64,0,orb,1239,1288,0.11,1
spatial_overlap,kharkiv_urban.jpg,dx64_dy0,64,0,superpoint_lightglue,1762,1762,0.03,1
spatial_overlap,kharkiv_urban.jpg,dx128_dy0,128,0,orb,956,1090,0.44,1
spatial_overlap,kharkiv_urban.jpg,dx128_dy0,128,0,superpoint_lightglue,1519,1519,0.05,1
spatial_overlap,kharkiv_urban.jpg,dx192_dy0,192,0,orb,833,860,0.18,1
spatial_overlap,kharkiv_urban.jpg,dx192_dy0,192,0,superpoint_lightglue,1314,1314,0.05,1
spatial_overlap,kharkiv_urban.jpg,dx256_dy0,256,0,orb,639,654,0.27,1
spatial_overlap,kharkiv_urban.jpg,dx256_dy0,256,0,superpoint_lightglue,1089,1089,0.02,1
spatial_overlap,kharkiv_urban.jpg,dx0_dy64,0,64,orb,1244,1378,0.35,1
spatial_overlap,kharkiv_urban.jpg,dx0_dy64,0,64,superpoint_lightglue,1786,1786,0.01,1
spatial_overlap,kharkiv_urban.jpg,dx0_dy128,0,128,orb,1136,1157,0.21,1
spatial_overlap,kharkiv_urban.jpg,dx0_dy128,0,128,superpoint_lightglue,1521,1522,0.01,1
spatial_overlap,kharkiv_urban.jpg,dx0_dy256,0,256,orb,563,638,0.91,1
spatial_overlap,kharkiv_urban.jpg,dx0_dy256,0,256,superpoint_lightglue,976,977,0.05,1
spatial_overlap,kharkiv_urban.jpg,dx64_dy64,64,64,orb,918,1048,0.81,1
spatial_overlap,kharkiv_urban.jpg,dx64_dy64,64,64,superpoint_lightglue,1554,1555,0.03,1
spatial_overlap,kharkiv_urban.jpg,dx128_dy128,128,128,orb,765,791,0.33,1
spatial_overlap,kharkiv_urban.jpg,dx128_dy128,128,128,superpoint_lightglue,1106,1107,0.04,1
spatial_overlap,kharkiv_urban.jpg,dx192_dy192,192,192,orb,450,488,0.68,1
spatial_overlap,kharkiv_urban.jpg,dx192_dy192,192,192,superpoint_lightglue,803,804,0.06,1
spatial_overlap,kramatorsk_mixed.jpg,dx0_dy0,0,0,orb,2000,2000,0.00,1
spatial_overlap,kramatorsk_mixed.jpg,dx0_dy0,0,0,superpoint_lightglue,2048,2048,0.00,1
spatial_overlap,kramatorsk_mixed.jpg,dx32_dy0,32,0,orb,1537,1558,0.21,1
spatial_overlap,kramatorsk_mixed.jpg,dx32_dy0,32,0,superpoint_lightglue,1929,1929,0.03,1
spatial_overlap,kramatorsk_mixed.jpg,dx64_dy0,64,0,orb,1330,1353,0.16,1
spatial_overlap,kramatorsk_mixed.jpg,dx64_dy0,64,0,superpoint_lightglue,1840,1840,0.03,1
spatial_overlap,kramatorsk_mixed.jpg,dx128_dy0,128,0,orb,751,792,0.18,1
spatial_overlap,kramatorsk_mixed.jpg,dx128_dy0,128,0,superpoint_lightglue,1601,1601,0.04,1
spatial_overlap,kramatorsk_mixed.jpg,dx192_dy0,192,0,orb,548,562,0.14,1
spatial_overlap,kramatorsk_mixed.jpg,dx192_dy0,192,0,superpoint_lightglue,1303,1303,0.03,1
spatial_overlap,kramatorsk_mixed.jpg,dx256_dy0,256,0,orb,355,372,0.34,1
spatial_overlap,kramatorsk_mixed.jpg,dx256_dy0,256,0,superpoint_lightglue,1030,1030,0.07,1
spatial_overlap,kramatorsk_mixed.jpg,dx0_dy64,0,64,orb,1413,1455,0.15,1
spatial_overlap,kramatorsk_mixed.jpg,dx0_dy64,0,64,superpoint_lightglue,1748,1749,0.02,1
spatial_overlap,kramatorsk_mixed.jpg,dx0_dy128,0,128,orb,1147,1212,0.22,1
spatial_overlap,kramatorsk_mixed.jpg,dx0_dy128,0,128,superpoint_lightglue,1485,1485,0.04,1
spatial_overlap,kramatorsk_mixed.jpg,dx0_dy256,0,256,orb,515,656,1.01,1
spatial_overlap,kramatorsk_mixed.jpg,dx0_dy256,0,256,superpoint_lightglue,944,946,0.06,1
spatial_overlap,kramatorsk_mixed.jpg,dx64_dy64,64,64,orb,1019,1043,0.24,1
spatial_overlap,kramatorsk_mixed.jpg,dx64_dy64,64,64,superpoint_lightglue,1570,1571,0.07,1
spatial_overlap,kramatorsk_mixed.jpg,dx128_dy128,128,128,orb,405,415,0.46,1
spatial_overlap,kramatorsk_mixed.jpg,dx128_dy128,128,128,superpoint_lightglue,1146,1148,0.12,1
spatial_overlap,kramatorsk_mixed.jpg,dx192_dy192,192,192,orb,236,244,0.69,1
spatial_overlap,kramatorsk_mixed.jpg,dx192_dy192,192,192,superpoint_lightglue,745,745,0.16,1
spatial_overlap,oskil_river.jpg,dx0_dy0,0,0,orb,1349,1349,0.00,1
spatial_overlap,oskil_river.jpg,dx0_dy0,0,0,superpoint_lightglue,1656,1656,0.00,1
spatial_overlap,oskil_river.jpg,dx32_dy0,32,0,orb,941,943,0.12,1
spatial_overlap,oskil_river.jpg,dx32_dy0,32,0,superpoint_lightglue,1566,1566,0.01,1
spatial_overlap,oskil_river.jpg,dx64_dy0,64,0,orb,905,911,0.06,1
spatial_overlap,oskil_river.jpg,dx64_dy0,64,0,superpoint_lightglue,1476,1477,0.01,1
spatial_overlap,oskil_river.jpg,dx128_dy0,128,0,orb,776,802,0.28,1
spatial_overlap,oskil_river.jpg,dx128_dy0,128,0,superpoint_lightglue,1298,1298,0.03,1
spatial_overlap,oskil_river.jpg,dx192_dy0,192,0,orb,548,549,0.26,1
spatial_overlap,oskil_river.jpg,dx192_dy0,192,0,superpoint_lightglue,1008,1008,0.03,1
spatial_overlap,oskil_river.jpg,dx256_dy0,256,0,orb,299,303,0.61,1
spatial_overlap,oskil_river.jpg,dx256_dy0,256,0,superpoint_lightglue,789,789,0.03,1
spatial_overlap,oskil_river.jpg,dx0_dy64,0,64,orb,907,912,0.11,1
spatial_overlap,oskil_river.jpg,dx0_dy64,0,64,superpoint_lightglue,1368,1368,0.02,1
spatial_overlap,oskil_river.jpg,dx0_dy128,0,128,orb,842,844,0.11,1
spatial_overlap,oskil_river.jpg,dx0_dy128,0,128,superpoint_lightglue,1129,1129,0.02,1
spatial_overlap,oskil_river.jpg,dx0_dy256,0,256,orb,330,342,0.60,1
spatial_overlap,oskil_river.jpg,dx0_dy256,0,256,superpoint_lightglue,642,642,0.05,1
spatial_overlap,oskil_river.jpg,dx64_dy64,64,64,orb,669,748,0.24,1
spatial_overlap,oskil_river.jpg,dx64_dy64,64,64,superpoint_lightglue,1199,1200,0.03,1
spatial_overlap,oskil_river.jpg,dx128_dy128,128,128,orb,565,567,0.14,1
spatial_overlap,oskil_river.jpg,dx128_dy128,128,128,superpoint_lightglue,870,873,0.03,1
spatial_overlap,oskil_river.jpg,dx192_dy192,192,192,orb,286,287,0.79,1
spatial_overlap,oskil_river.jpg,dx192_dy192,192,192,superpoint_lightglue,534,538,0.05,1
spatial_overlap,severodonetsk.jpg,dx0_dy0,0,0,orb,2000,2000,0.00,1
spatial_overlap,severodonetsk.jpg,dx0_dy0,0,0,superpoint_lightglue,2048,2048,0.00,1
spatial_overlap,severodonetsk.jpg,dx32_dy0,32,0,orb,1361,1470,0.28,1
spatial_overlap,severodonetsk.jpg,dx32_dy0,32,0,superpoint_lightglue,1893,1894,0.03,1
spatial_overlap,severodonetsk.jpg,dx64_dy0,64,0,orb,1217,1326,0.19,1
spatial_overlap,severodonetsk.jpg,dx64_dy0,64,0,superpoint_lightglue,1781,1782,0.01,1
spatial_overlap,severodonetsk.jpg,dx128_dy0,128,0,orb,975,1008,0.14,1
spatial_overlap,severodonetsk.jpg,dx128_dy0,128,0,superpoint_lightglue,1549,1550,0.04,1
spatial_overlap,severodonetsk.jpg,dx192_dy0,192,0,orb,714,728,0.15,1
spatial_overlap,severodonetsk.jpg,dx192_dy0,192,0,superpoint_lightglue,1303,1304,0.05,1
spatial_overlap,severodonetsk.jpg,dx256_dy0,256,0,orb,497,567,0.59,1
spatial_overlap,severodonetsk.jpg,dx256_dy0,256,0,superpoint_lightglue,1042,1043,0.04,1
spatial_overlap,severodonetsk.jpg,dx0_dy64,0,64,orb,1315,1336,0.12,1
spatial_overlap,severodonetsk.jpg,dx0_dy64,0,64,superpoint_lightglue,1747,1747,0.03,1
spatial_overlap,severodonetsk.jpg,dx0_dy128,0,128,orb,1047,1059,0.16,1
spatial_overlap,severodonetsk.jpg,dx0_dy128,0,128,superpoint_lightglue,1485,1485,0.05,1
spatial_overlap,severodonetsk.jpg,dx0_dy256,0,256,orb,516,539,0.26,1
spatial_overlap,severodonetsk.jpg,dx0_dy256,0,256,superpoint_lightglue,962,962,0.06,1
spatial_overlap,severodonetsk.jpg,dx64_dy64,64,64,orb,1044,1058,0.19,1
spatial_overlap,severodonetsk.jpg,dx64_dy64,64,64,superpoint_lightglue,1520,1521,0.05,1
spatial_overlap,severodonetsk.jpg,dx128_dy128,128,128,orb,584,602,0.17,1
spatial_overlap,severodonetsk.jpg,dx128_dy128,128,128,superpoint_lightglue,1120,1122,0.07,1
spatial_overlap,severodonetsk.jpg,dx192_dy192,192,192,orb,270,281,0.80,1
spatial_overlap,severodonetsk.jpg,dx192_dy192,192,192,superpoint_lightglue,791,793,0.17,1
spatial_overlap,donbas_rural.jpg,dx0_dy0,0,0,orb,1864,1864,0.00,1
spatial_overlap,donbas_rural.jpg,dx0_dy0,0,0,superpoint_lightglue,2048,2048,0.00,1
spatial_overlap,donbas_rural.jpg,dx32_dy0,32,0,orb,1206,1241,0.17,1
spatial_overlap,donbas_rural.jpg,dx32_dy0,32,0,superpoint_lightglue,1867,1867,0.03,1
spatial_overlap,donbas_rural.jpg,dx64_dy0,64,0,orb,983,1048,0.32,1
spatial_overlap,donbas_rural.jpg,dx64_dy0,64,0,superpoint_lightglue,1705,1705,0.03,1
spatial_overlap,donbas_rural.jpg,dx128_dy0,128,0,orb,911,960,0.27,1
spatial_overlap,donbas_rural.jpg,dx128_dy0,128,0,superpoint_lightglue,1376,1376,0.01,1
spatial_overlap,donbas_rural.jpg,dx192_dy0,192,0,orb,748,760,0.37,1
spatial_overlap,donbas_rural.jpg,dx192_dy0,192,0,superpoint_lightglue,1115,1115,0.04,1
spatial_overlap,donbas_rural.jpg,dx256_dy0,256,0,orb,408,418,0.21,1
spatial_overlap,donbas_rural.jpg,dx256_dy0,256,0,superpoint_lightglue,875,875,0.13,1
spatial_overlap,donbas_rural.jpg,dx0_dy64,0,64,orb,1394,1480,0.11,1
spatial_overlap,donbas_rural.jpg,dx0_dy64,0,64,superpoint_lightglue,1673,1673,0.02,1
spatial_overlap,donbas_rural.jpg,dx0_dy128,0,128,orb,1236,1299,0.29,1
spatial_overlap,donbas_rural.jpg,dx0_dy128,0,128,superpoint_lightglue,1387,1388,0.02,1
spatial_overlap,donbas_rural.jpg,dx0_dy256,0,256,orb,343,359,0.20,1
spatial_overlap,donbas_rural.jpg,dx0_dy256,0,256,superpoint_lightglue,998,998,0.05,1
spatial_overlap,donbas_rural.jpg,dx64_dy64,64,64,orb,957,1012,0.87,1
spatial_overlap,donbas_rural.jpg,dx64_dy64,64,64,superpoint_lightglue,1453,1453,0.02,1
spatial_overlap,donbas_rural.jpg,dx128_dy128,128,128,orb,558,703,1.02,1
spatial_overlap,donbas_rural.jpg,dx128_dy128,128,128,superpoint_lightglue,1047,1048,0.03,1
spatial_overlap,donbas_rural.jpg,dx192_dy192,192,192,orb,280,290,1.55,1
spatial_overlap,donbas_rural.jpg,dx192_dy192,192,192,superpoint_lightglue,787,787,0.09,1
spatial_overlap,izyum_fields.jpg,dx0_dy0,0,0,orb,1958,1958,0.00,1
spatial_overlap,izyum_fields.jpg,dx0_dy0,0,0,superpoint_lightglue,1795,1795,0.00,1
spatial_overlap,izyum_fields.jpg,dx32_dy0,32,0,orb,1199,1427,0.60,1
spatial_overlap,izyum_fields.jpg,dx32_dy0,32,0,superpoint_lightglue,1634,1635,0.02,1
spatial_overlap,izyum_fields.jpg,dx64_dy0,64,0,orb,1202,1238,0.10,1
spatial_overlap,izyum_fields.jpg,dx64_dy0,64,0,superpoint_lightglue,1530,1531,0.03,1
spatial_overlap,izyum_fields.jpg,dx128_dy0,128,0,orb,980,1000,0.12,1
spatial_overlap,izyum_fields.jpg,dx128_dy0,128,0,superpoint_lightglue,1266,1267,0.04,1
spatial_overlap,izyum_fields.jpg,dx192_dy0,192,0,orb,746,771,0.24,1
spatial_overlap,izyum_fields.jpg,dx192_dy0,192,0,superpoint_lightglue,1024,1025,0.08,1
spatial_overlap,izyum_fields.jpg,dx256_dy0,256,0,orb,453,488,0.63,1
spatial_overlap,izyum_fields.jpg,dx256_dy0,256,0,superpoint_lightglue,767,768,0.10,1
spatial_overlap,izyum_fields.jpg,dx0_dy64,0,64,orb,1141,1157,0.13,1
spatial_overlap,izyum_fields.jpg,dx0_dy64,0,64,superpoint_lightglue,1545,1545,0.03,1
spatial_overlap,izyum_fields.jpg,dx0_dy128,0,128,orb,644,656,0.07,1
spatial_overlap,izyum_fields.jpg,dx0_dy128,0,128,superpoint_lightglue,1337,1337,0.03,1
spatial_overlap,izyum_fields.jpg,dx0_dy256,0,256,orb,241,257,0.22,1
spatial_overlap,izyum_fields.jpg,dx0_dy256,0,256,superpoint_lightglue,881,881,0.08,1
spatial_overlap,izyum_fields.jpg,dx64_dy64,64,64,orb,862,995,0.45,1
spatial_overlap,izyum_fields.jpg,dx64_dy64,64,64,superpoint_lightglue,1311,1312,0.05,1
spatial_overlap,izyum_fields.jpg,dx128_dy128,128,128,orb,418,433,0.31,1
spatial_overlap,izyum_fields.jpg,dx128_dy128,128,128,superpoint_lightglue,901,902,0.06,1
spatial_overlap,izyum_fields.jpg,dx192_dy192,192,192,orb,208,217,1.92,1
spatial_overlap,izyum_fields.jpg,dx192_dy192,192,192,superpoint_lightglue,582,586,0.20,1
spatial_overlap,kharkiv_urban.jpg,dx0_dy0,0,0,orb,2000,2000,0.00,1
spatial_overlap,kharkiv_urban.jpg,dx0_dy0,0,0,superpoint_lightglue,2048,2048,0.00,1
spatial_overlap,kharkiv_urban.jpg,dx32_dy0,32,0,orb,1308,1459,0.29,1
spatial_overlap,kharkiv_urban.jpg,dx32_dy0,32,0,superpoint_lightglue,1884,1884,0.01,1
spatial_overlap,kharkiv_urban.jpg,dx64_dy0,64,0,orb,1271,1309,0.20,1
spatial_overlap,kharkiv_urban.jpg,dx64_dy0,64,0,superpoint_lightglue,1744,1744,0.02,1
spatial_overlap,kharkiv_urban.jpg,dx128_dy0,128,0,orb,984,1002,0.18,1
spatial_overlap,kharkiv_urban.jpg,dx128_dy0,128,0,superpoint_lightglue,1483,1483,0.02,1
spatial_overlap,kharkiv_urban.jpg,dx192_dy0,192,0,orb,749,762,0.22,1
spatial_overlap,kharkiv_urban.jpg,dx192_dy0,192,0,superpoint_lightglue,1286,1286,0.02,1
spatial_overlap,kharkiv_urban.jpg,dx256_dy0,256,0,orb,537,547,0.27,1
spatial_overlap,kharkiv_urban.jpg,dx256_dy0,256,0,superpoint_lightglue,1055,1055,0.04,1
spatial_overlap,kharkiv_urban.jpg,dx0_dy64,0,64,orb,1311,1362,0.29,1
spatial_overlap,kharkiv_urban.jpg,dx0_dy64,0,64,superpoint_lightglue,1795,1796,0.03,1
spatial_overlap,kharkiv_urban.jpg,dx0_dy128,0,128,orb,996,1118,0.18,1
spatial_overlap,kharkiv_urban.jpg,dx0_dy128,0,128,superpoint_lightglue,1541,1542,0.01,1
spatial_overlap,kharkiv_urban.jpg,dx0_dy256,0,256,orb,548,561,0.37,1
spatial_overlap,kharkiv_urban.jpg,dx0_dy256,0,256,superpoint_lightglue,1006,1007,0.09,1
spatial_overlap,kharkiv_urban.jpg,dx64_dy64,64,64,orb,983,1017,0.36,1
spatial_overlap,kharkiv_urban.jpg,dx64_dy64,64,64,superpoint_lightglue,1542,1543,0.05,1
spatial_overlap,kharkiv_urban.jpg,dx128_dy128,128,128,orb,650,699,0.52,1
spatial_overlap,kharkiv_urban.jpg,dx128_dy128,128,128,superpoint_lightglue,1128,1129,0.05,1
spatial_overlap,kharkiv_urban.jpg,dx192_dy192,192,192,orb,389,404,0.95,1
spatial_overlap,kharkiv_urban.jpg,dx192_dy192,192,192,superpoint_lightglue,817,821,0.06,1
spatial_overlap,kramatorsk_mixed.jpg,dx0_dy0,0,0,orb,2000,2000,0.00,1
spatial_overlap,kramatorsk_mixed.jpg,dx0_dy0,0,0,superpoint_lightglue,2048,2048,0.00,1
spatial_overlap,kramatorsk_mixed.jpg,dx32_dy0,32,0,orb,1472,1515,0.18,1
spatial_overlap,kramatorsk_mixed.jpg,dx32_dy0,32,0,superpoint_lightglue,1896,1896,0.02,1
spatial_overlap,kramatorsk_mixed.jpg,dx64_dy0,64,0,orb,1127,1327,0.43,1
spatial_overlap,kramatorsk_mixed.jpg,dx64_dy0,64,0,superpoint_lightglue,1788,1788,0.02,1
spatial_overlap,kramatorsk_mixed.jpg,dx128_dy0,128,0,orb,732,808,0.12,1
spatial_overlap,kramatorsk_mixed.jpg,dx128_dy0,128,0,superpoint_lightglue,1560,1560,0.04,1
spatial_overlap,kramatorsk_mixed.jpg,dx192_dy0,192,0,orb,541,551,0.16,1
spatial_overlap,kramatorsk_mixed.jpg,dx192_dy0,192,0,superpoint_lightglue,1285,1285,0.07,1
spatial_overlap,kramatorsk_mixed.jpg,dx256_dy0,256,0,orb,316,328,0.16,1
spatial_overlap,kramatorsk_mixed.jpg,dx256_dy0,256,0,superpoint_lightglue,1010,1012,0.12,1
spatial_overlap,kramatorsk_mixed.jpg,dx0_dy64,0,64,orb,1235,1434,0.50,1
spatial_overlap,kramatorsk_mixed.jpg,dx0_dy64,0,64,superpoint_lightglue,1758,1759,0.03,1
spatial_overlap,kramatorsk_mixed.jpg,dx0_dy128,0,128,orb,1133,1266,0.16,1
spatial_overlap,kramatorsk_mixed.jpg,dx0_dy128,0,128,superpoint_lightglue,1480,1482,0.03,1
spatial_overlap,kramatorsk_mixed.jpg,dx0_dy256,0,256,orb,508,649,0.72,1
spatial_overlap,kramatorsk_mixed.jpg,dx0_dy256,0,256,superpoint_lightglue,945,946,0.06,1
spatial_overlap,kramatorsk_mixed.jpg,dx64_dy64,64,64,orb,1000,1034,0.30,1
spatial_overlap,kramatorsk_mixed.jpg,dx64_dy64,64,64,superpoint_lightglue,1546,1546,0.06,1
spatial_overlap,kramatorsk_mixed.jpg,dx128_dy128,128,128,orb,418,439,0.36,1
spatial_overlap,kramatorsk_mixed.jpg,dx128_dy128,128,128,superpoint_lightglue,1113,1113,0.12,1
spatial_overlap,kramatorsk_mixed.jpg,dx192_dy192,192,192,orb,216,231,1.64,1
spatial_overlap,kramatorsk_mixed.jpg,dx192_dy192,192,192,superpoint_lightglue,729,729,0.29,1
spatial_overlap,oskil_river.jpg,dx0_dy0,0,0,orb,2000,2000,0.00,1
spatial_overlap,oskil_river.jpg,dx0_dy0,0,0,superpoint_lightglue,720,720,0.00,1
spatial_overlap,oskil_river.jpg,dx32_dy0,32,0,orb,1441,1470,0.06,1
spatial_overlap,oskil_river.jpg,dx32_dy0,32,0,superpoint_lightglue,667,667,0.03,1
spatial_overlap,oskil_river.jpg,dx64_dy0,64,0,orb,1374,1409,0.19,1
spatial_overlap,oskil_river.jpg,dx64_dy0,64,0,superpoint_lightglue,645,645,0.02,1
spatial_overlap,oskil_river.jpg,dx128_dy0,128,0,orb,1272,1297,0.11,1
spatial_overlap,oskil_river.jpg,dx128_dy0,128,0,superpoint_lightglue,589,589,0.04,1
spatial_overlap,oskil_river.jpg,dx192_dy0,192,0,orb,1040,1064,0.33,1
spatial_overlap,oskil_river.jpg,dx192_dy0,192,0,superpoint_lightglue,547,547,0.05,1
spatial_overlap,oskil_river.jpg,dx256_dy0,256,0,orb,611,636,0.33,1
spatial_overlap,oskil_river.jpg,dx256_dy0,256,0,superpoint_lightglue,484,484,0.12,1
spatial_overlap,oskil_river.jpg,dx0_dy64,0,64,orb,1396,1425,0.17,1
spatial_overlap,oskil_river.jpg,dx0_dy64,0,64,superpoint_lightglue,555,555,0.03,1
spatial_overlap,oskil_river.jpg,dx0_dy128,0,128,orb,1231,1256,0.20,1
spatial_overlap,oskil_river.jpg,dx0_dy128,0,128,superpoint_lightglue,455,455,0.04,1
spatial_overlap,oskil_river.jpg,dx0_dy256,0,256,orb,508,518,0.55,1
spatial_overlap,oskil_river.jpg,dx0_dy256,0,256,superpoint_lightglue,315,315,0.04,1
spatial_overlap,oskil_river.jpg,dx64_dy64,64,64,orb,1170,1187,0.24,1
spatial_overlap,oskil_river.jpg,dx64_dy64,64,64,superpoint_lightglue,486,486,0.06,1
spatial_overlap,oskil_river.jpg,dx128_dy128,128,128,orb,962,980,0.51,1
spatial_overlap,oskil_river.jpg,dx128_dy128,128,128,superpoint_lightglue,358,359,0.12,1
spatial_overlap,oskil_river.jpg,dx192_dy192,192,192,orb,647,657,0.51,1
spatial_overlap,oskil_river.jpg,dx192_dy192,192,192,superpoint_lightglue,272,274,0.15,1
spatial_overlap,severodonetsk.jpg,dx0_dy0,0,0,orb,2000,2000,0.00,1
spatial_overlap,severodonetsk.jpg,dx0_dy0,0,0,superpoint_lightglue,2048,2048,0.00,1
spatial_overlap,severodonetsk.jpg,dx32_dy0,32,0,orb,1384,1406,0.10,1
spatial_overlap,severodonetsk.jpg,dx32_dy0,32,0,superpoint_lightglue,1895,1896,0.01,1
spatial_overlap,severodonetsk.jpg,dx64_dy0,64,0,orb,1304,1335,0.06,1
spatial_overlap,severodonetsk.jpg,dx64_dy0,64,0,superpoint_lightglue,1780,1781,0.02,1
spatial_overlap,severodonetsk.jpg,dx128_dy0,128,0,orb,1028,1036,0.07,1
spatial_overlap,severodonetsk.jpg,dx128_dy0,128,0,superpoint_lightglue,1508,1508,0.02,1
spatial_overlap,severodonetsk.jpg,dx192_dy0,192,0,orb,726,736,0.11,1
spatial_overlap,severodonetsk.jpg,dx192_dy0,192,0,superpoint_lightglue,1243,1243,0.03,1
spatial_overlap,severodonetsk.jpg,dx256_dy0,256,0,orb,472,479,0.20,1
spatial_overlap,severodonetsk.jpg,dx256_dy0,256,0,superpoint_lightglue,988,990,0.03,1
spatial_overlap,severodonetsk.jpg,dx0_dy64,0,64,orb,1350,1371,0.13,1
spatial_overlap,severodonetsk.jpg,dx0_dy64,0,64,superpoint_lightglue,1769,1770,0.02,1
spatial_overlap,severodonetsk.jpg,dx0_dy128,0,128,orb,962,1080,0.40,1
spatial_overlap,severodonetsk.jpg,dx0_dy128,0,128,superpoint_lightglue,1531,1531,0.02,1
spatial_overlap,severodonetsk.jpg,dx0_dy256,0,256,orb,575,580,0.10,1
spatial_overlap,severodonetsk.jpg,dx0_dy256,0,256,superpoint_lightglue,1006,1006,0.06,1
spatial_overlap,severodonetsk.jpg,dx64_dy64,64,64,orb,1031,1049,0.19,1
spatial_overlap,severodonetsk.jpg,dx64_dy64,64,64,superpoint_lightglue,1537,1539,0.04,1
spatial_overlap,severodonetsk.jpg,dx128_dy128,128,128,orb,587,604,0.53,1
spatial_overlap,severodonetsk.jpg,dx128_dy128,128,128,superpoint_lightglue,1143,1143,0.09,1
spatial_overlap,severodonetsk.jpg,dx192_dy192,192,192,orb,334,342,0.49,1
spatial_overlap,severodonetsk.jpg,dx192_dy192,192,192,superpoint_lightglue,774,774,0.14,1
